방문 지역,지출 비용,철도비,도로비,식음료비,음식점비,쇼핑비,여행 일수,숙박비,교통비,여행 활동비,자가용 의존도,교통인프라지수
11010,188737.5,16338.157894736842,12750.0,15074.626865671642,58697.26865671642,29552.238805970148,0.5671641791044776,19417.910447761195,46732.89473684211,8432.835820895523,0.1782178217821782,1.4235969027844209
11020,214134.13953488372,20353.488372093023,13018.60465116279,16385.714285714286,55505.77142857143,66565.71428571429,0.2571428571428571,9142.857142857143,58441.88372093023,4571.428571428572,0.3275862068965517,1.696776815001285
11030,211063.36,27440.0,5608.0,5456.521739130435,75782.60869565218,11469.565217391304,0.7391304347826086,23086.956521739132,64528.04,9434.782608695652,0.3548387096774194,1.3288577919590008
11040,86000.0,5375.0,12750.0,31200.0,79000.0,0.0,0.2,0.0,33125.0,3000.0,0.2777777777777778,0.7779076025985269
11050,157083.33333333334,6500.0,8000.0,13200.0,75400.0,5000.0,0.4,14000.0,60333.333333333336,4400.0,0.1,1.0651239589602055
11060,185111.16666666666,0.0,11666.666666666666,14666.666666666666,61666.666666666664,23333.333333333332,0.5,166.66666666666666,36666.833333333336,26000.0,0.6666666666666666,1.5460607636235646
11070,43000.0,0.0,3000.0,35000.0,70000.0,12500.0,0.0,0.0,55500.0,10000.0,0.0,1.085279383499549
11090,291500.0,5000.0,0.0,35000.0,160666.66666666666,13333.333333333334,1.3333333333333333,66666.66666666667,66000.0,13333.333333333334,0.4285714285714285,1.1955958440083208
11100,140515.18181818182,47181.818181818184,7363.636363636364,16900.0,54300.1,3000.0,0.6,0.0,68545.45454545454,500.0,0.2307692307692307,0.68973953551644
11110,208944.44444444444,42222.22222222222,11111.111111111111,714.2857142857143,10142.857142857143,74857.14285714286,1.0,0.0,59555.555555555555,2000.0,0.4,1.5213300893495452
11120,37187.5,0.0,3250.0,4000.0,38785.71428571428,0.0,0.0,0.0,17625.0,857.1428571428571,0.4444444444444444,1.5434514684089808
11130,180000.0,4000.0,30000.0,10000.0,105000.0,26500.0,1.0,60000.0,34000.0,22500.0,0.0,1.3998135173428587
11140,132115.7142857143,11714.257142857143,11542.885714285714,8637.931034482759,46137.93103448276,23517.206896551725,0.3103448275862069,15172.448275862069,40714.25714285715,9896.551724137931,0.1063829787234042,1.9161818937032689
11150,95000.0,0.0,40000.0,,,,,,40000.0,,0.0,0.7893897875359193
11160,352222.22222222225,37777.77777777778,9444.444444444445,8777.777777777777,105555.55555555556,95777.77777777778,0.8888888888888888,58888.88888888889,101333.33333333333,16000.0,0.4166666666666667,1.5856979349999158
11170,78750.0,5000.0,16250.0,1666.6666666666667,45000.0,0.0,0.0,0.0,21250.0,16666.666666666668,0.0,2.3688150120166926
11180,133333.33333333334,0.0,13333.333333333334,10000.0,0.0,0.0,0.5,0.0,40000.0,0.0,0.5,0.56720494843978
11190,114432.69230769231,17450.0,5376.923076923077,3250.0,35863.63636363636,15227.272727272728,0.22727272727272727,0.0,31288.46153846154,3500.0,0.1935483870967742,2.060629932080763
11200,253000.0,20000.0,0.0,0.0,250000.0,0.0,2.0,120000.0,112000.0,0.0,0.0,1.9210329998904847
11210,119071.42857142857,20321.428571428572,6428.571428571428,4375.0,62250.0,11666.666666666666,0.4166666666666667,13333.333333333334,36964.28571428572,1833.3333333333333,0.4666666666666667,2.5299837823603646
11220,173272.72727272726,9454.545454545454,21818.18181818182,6888.888888888889,59777.77777777778,47777.77777777778,0.3333333333333333,2222.222222222222,35363.63636363636,4111.111111111111,0.1904761904761904,2.971520757556118
11230,216926.19642857142,9260.714285714286,9832.142857142857,3452.3809523809523,67238.21428571429,38642.857142857145,0.40476190476190477,24642.833333333332,44164.25,4547.619047619048,0.2771084337349397,3.2990274541301248
11240,191562.54545454544,17131.81818181818,7472.727272727273,12986.363636363636,61704.5,22159.136363636364,0.45454545454545453,34545.454545454544,45081.90909090909,33113.681818181816,0.22,2.7370196672835045
11250,123333.33333333333,1666.6666666666667,26666.666666666668,10000.0,42500.0,50000.0,0.0,0.0,40000.0,0.0,0.0,0.7289159741085366
21010,320940.6538461539,13019.23076923077,2826.923076923077,47592.0,182204.10204081633,38571.42857142857,1.1224489795918366,117755.08163265306,90057.30769230769,9244.897959183674,0.6333333333333333,0.0370449773483811
21020,313800.37209302327,25325.581395348836,8720.93023255814,19500.0,172073.1463414634,11219.512195121952,1.4634146341463414,62926.80487804878,72825.58139534884,14024.390243902439,0.4897959183673469,-0.1311744368321613
21030,403000.0,20500.0,26500.0,11000.0,205000.0,9000.0,1.5,73500.0,89500.0,10000.0,0.4,0.0555316841634632
21040,258271.92105263157,15868.421052631578,5394.736842105263,28800.057142857142,139371.42857142858,14571.42857142857,1.0285714285714285,70857.14285714286,71920.94736842105,20714.285714285714,0.6222222222222222,-0.3095183636514955
21050,267605.2631578947,15868.421052631578,12368.421052631578,16750.0,125833.33333333333,19166.666666666668,1.1666666666666667,94166.66666666667,60184.21052631579,53416.666666666664,0.5333333333333333,0.9762718741100328
21060,309892.85714285716,571.4285714285714,6142.857142857143,4500.0,32500.0,0.0,0.25,0.0,56000.0,4500.0,0.8,0.2372805097018639
21070,274011.85714285716,9714.285714285714,3928.5714285714284,27214.285714285714,115571.35714285714,22142.85714285714,1.3571428571428572,70714.21428571429,64000.0,9642.857142857143,0.6,0.0156416193355425
21080,405000.0,0.0,40000.0,0.0,245000.0,0.0,1.5,0.0,120000.0,40000.0,0.0,0.1816601025573058
21090,232381.43005181348,16440.41450777202,6098.445595854922,21820.247191011236,107792.13483146067,5393.258426966292,0.949438202247191,67275.2808988764,64766.79792746114,13882.022471910112,0.6099585062240664,0.1436034291515465
21100,304704.54545454547,15090.90909090909,11818.181818181818,36100.0,110800.0,38500.0,0.9,44000.0,85090.90909090909,35300.0,0.3846153846153846,0.3384657521959706
21110,47680.0,480.0,3600.0,7500.0,27500.0,0.0,0.5,0.0,12880.0,0.0,0.3333333333333333,0.1909022845600757
21120,810000.0,0.0,0.0,,,,,,125000.0,,1.0,-0.1831695087426327
21130,77000.0,0.0,27000.0,0.0,0.0,0.0,0.0,0.0,27000.0,0.0,0.0,0.091929532433531
21140,226405.74545454545,18545.454545454544,3563.6363636363635,16807.73076923077,106923.09615384616,8173.076923076923,0.9038461538461539,66730.76923076923,61490.8,7884.615384615385,0.5507246376811594,-0.1489040643423775
21150,166666.66666666666,0.0,0.0,15000.0,0.0,0.0,1.0,0.0,6666.666666666667,0.0,0.75,0.3931807179052298
21310,232116.66666666666,2888.8888888888887,11777.777777777777,23410.25641025641,102538.46153846153,18948.71794871795,0.7692307692307693,51794.8717948718,53266.666666666664,19025.641025641027,0.6818181818181818,-0.2934796420026827
22010,204215.9090909091,2151.5151515151515,5943.181818181818,11576.271186440677,39322.03389830508,99864.40677966102,0.15254237288135594,4406.779661016949,32412.878787878788,8000.0,0.6375,0.0304960905654458
22020,139464.57142857142,3928.5714285714284,4821.428571428572,5185.185185185185,34074.07407407407,59814.81481481482,0.2962962962962963,12592.888888888889,31000.0,2296.296296296296,0.7631578947368421,0.1951616634520033
22040,72800.0,5000.0,2800.0,2000.0,36000.0,6000.0,0.2,8000.0,20400.0,400.0,0.6,-0.1088585010190879
22050,146892.85714285713,0.0,1000.0,1857.142857142857,42285.71428571428,66428.57142857143,0.0,0.0,26142.85714285714,24285.714285714286,0.8,0.012238151411627
22060,89545.45454545454,0.0,3636.3636363636365,12380.952380952382,26428.571428571428,29285.714285714286,0.6190476190476191,1428.5714285714287,38181.818181818184,2142.8571428571427,0.95,0.0748953242658574
22070,129800.0,2666.6666666666665,2750.0,5714.285714285715,26785.714285714286,4142.857142857143,0.21428571428571427,0.0,25416.666666666668,27928.571428571428,0.7058823529411765,0.1897247876760582
22310,107285.71428571429,0.0,0.0,5714.285714285715,59428.57142857143,0.0,0.14285714285714285,8571.42857142857,33571.42857142857,0.0,1.0,-0.2831619510728924
23010,88935.17777777778,1777.7777777777778,911.1111111111111,12743.589743589744,61243.51282051282,3410.25641025641,0.23076923076923078,9230.71794871795,27244.48888888889,4820.51282051282,0.7931034482758621,-0.0251774287142664
23030,50000.0,11000.0,0.0,15000.0,24000.0,0.0,0.0,0.0,11000.0,0.0,0.0,
23040,165388.86666666667,6933.333333333333,1666.6666666666667,23923.23076923077,124269.23076923077,769.2307692307693,0.38461538461538464,55384.61538461538,59599.73333333333,5153.846153846154,0.8888888888888888,0.1976127036752862
23050,73263.91666666667,0.0,0.0,20599.9,41250.2,0.0,0.1,0.0,16750.0,3000.0,1.0,0.2787231108166244
23060,190166.66666666666,1333.3333333333333,5000.0,8000.0,125400.0,34000.0,0.8,20000.0,20666.666666666668,12000.0,0.375,0.896899605965719
23080,63750.0,250.0,1250.0,7000.0,35800.0,4000.0,0.0,0.0,15125.0,0.0,0.6363636363636364,0.5949502716165652
23310,111811.34722222222,0.0,69.44444444444444,10842.857142857143,84985.75714285714,1342.857142857143,0.3,24285.67142857143,38402.75,1857.142857142857,0.9294117647058824,-0.466619673469441
23320,135437.5,0.0,0.0,42750.0,125750.0,0.0,0.25,37500.0,81750.0,0.0,1.0,-0.4819928349432344
24010,116879.16,3600.0,500.0,5031.25,50647.916666666664,12500.0,0.2916666666666667,27041.666666666668,59737.98,6187.5,0.9047619047619048,-0.1924034886932391
24020,169054.16666666666,0.0,4166.666666666667,7400.0,46080.0,8000.0,0.5,49000.0,46583.333333333336,32600.0,0.8571428571428571,-0.1769125259385341
24030,162250.0,0.0,0.0,1166.6666666666667,145333.33333333334,0.0,0.6666666666666666,33333.333333333336,66750.0,4000.0,0.8571428571428571,-0.3334161226678021
24040,181029.16666666666,17000.0,4166.666666666667,22083.333333333332,40358.333333333336,416.6666666666667,0.75,37500.0,43583.333333333336,12083.333333333334,0.8,-0.0052265685931747
24050,276516.6666666667,0.0,0.0,14750.0,53000.0,10000.0,1.0,50000.0,192333.33333333334,15000.0,0.75,-0.219119335233882
25010,117663.66666666667,0.0,666.6666666666666,16138.666666666666,36466.666666666664,7000.0,0.4666666666666667,39333.333333333336,24133.333333333332,666.6666666666666,0.7647058823529411,0.1625514483579749
25020,173273.35,2000.0,20500.0,6684.210526315789,68500.05263157895,9210.526315789473,0.5263157894736842,35789.47368421053,48500.0,10947.368421052632,0.5833333333333334,0.0060060473295821
25030,192244.62962962964,0.0,22518.51851851852,45580.0,113025.0,20307.69230769231,0.46153846153846156,90384.57692307692,94629.66666666667,6038.461538461538,0.7391304347826086,0.3701280491951797
25040,181169.43181818182,2954.5454545454545,1022.7272727272727,23002.18918918919,82918.8918918919,45945.94594594595,0.5135135135135135,47567.56756756757,67977.27272727272,7000.0,0.7321428571428571,0.2403830544256639
25050,97272.72727272728,0.0,0.0,9100.0,45600.0,0.0,0.1,7000.0,23000.0,15000.0,0.8461538461538461,-0.1795258001989134
26010,206160.3076923077,0.0,2307.6923076923076,26909.090909090908,120090.90909090909,8181.818181818182,0.6363636363636364,48181.818181818184,73076.92307692308,3727.2727272727275,0.8421052631578947,-0.2161303876672456
26020,101096.875,1562.5,2187.5,27666.666666666668,99933.33333333333,2200.0,0.4666666666666667,42666.666666666664,44312.5,3866.6666666666665,0.6666666666666666,-0.0465072317557089
26030,177771.42857142858,0.0,2428.5714285714284,32142.85714285714,85642.85714285714,2857.1428571428573,0.6428571428571429,35714.28571428572,58928.57142857143,2142.8571428571427,0.7647058823529411,-0.3649183586404503
26040,98333.33333333333,0.0,0.0,30000.0,73333.33333333333,0.0,0.3333333333333333,16666.666666666668,26666.666666666668,5000.0,0.6,-0.2739167022601567
26310,166209.75862068965,1034.4827586206898,2413.793103448276,30628.19230769231,95000.03846153847,576.9230769230769,0.8076923076923077,33076.92307692308,39655.1724137931,769.2307692307693,0.7142857142857143,-0.2845835847180173
29010,87256.09756097561,60.97560975609756,14634.146341463415,20410.46153846154,64064.282051282054,1230.7692307692307,0.10256410256410256,21794.897435897437,40597.39024390244,15653.846153846154,0.4571428571428571,
31010,114119.71830985915,4084.507042253521,4676.056338028169,9203.125,64625.0,4156.25,0.390625,12812.5,42183.09859154929,3453.125,0.625,2.163644458628108
31020,48738.09523809524,2071.4285714285716,964.2857142857143,1238.095238095238,32285.714285714286,0.0,0.047619047619047616,0.0,13726.190476190477,0.0,0.6296296296296297,3.429257435569583
31030,126562.5,14750.0,10312.5,8000.0,86700.0,6500.0,0.2,30000.0,39750.0,45500.0,0.36,0.2012029734177191
31040,164428.57142857142,1285.7142857142858,6571.428571428572,666.6666666666666,58000.0,51666.666666666664,0.6666666666666666,0.0,66428.57142857143,1166.6666666666667,0.125,1.9488478574255503
31050,54333.333333333336,1611.111111111111,3055.5555555555557,1888.888888888889,17222.222222222223,7222.222222222223,0.3333333333333333,0.0,11888.888888888889,3888.8888888888887,0.25,2.1736242667235555
31060,150000.0,0.0,0.0,50000.0,480000.0,0.0,0.0,250000.0,350000.0,170000.0,0.0,0.4689509252510561
31070,94017.92857142857,1750.0,214.28571428571428,10300.0,41465.1,24000.0,0.5,0.0,52893.0,14200.0,0.5882352941176471,0.2331321958335868
31080,51500.0,1000.0,0.0,1428.5714285714287,16142.857142857143,8571.42857142857,0.0,0.0,15000.0,285.7142857142857,0.6666666666666666,-0.3581326496542251
31090,56312.5,625.0,1000.0,2333.3333333333335,35666.666666666664,0.0,0.08333333333333333,0.0,16625.0,0.0,0.72,0.6220483945692524
31100,151618.42105263157,526.3157894736842,952.6315789473684,17863.157894736843,71026.31578947368,16578.947368421053,0.2631578947368421,25789.473684210527,43794.73684210526,4618.421052631579,0.6944444444444444,1.5773069320226298
31110,132030.76923076922,184.6153846153846,1076.923076923077,16307.76923076923,56923.07692307692,5769.2307692307695,0.15384615384615385,15384.615384615385,39723.153846153844,18307.69230769231,0.4375,-0.0276686495040613
31120,55000.0,0.0,2500.0,14500.0,17500.0,0.0,0.0,0.0,12500.0,500.0,0.375,-0.0158763142575499
31130,141944.44444444444,666.6666666666666,277.77777777777777,15555.555555555555,67055.61111111111,2222.222222222222,0.3333333333333333,44444.444444444445,24277.777777777777,20277.777777777777,0.8260869565217391,0.600414392492393
31140,65240.0,1600.0,840.0,3200.0,25000.0,7600.0,0.2,0.0,9440.0,0.0,0.4,-0.0433887483804327
31150,116153.84615384616,1076.923076923077,0.0,9090.90909090909,49909.09090909091,0.0,0.36363636363636365,31818.18181818182,35307.692307692305,909.0909090909091,0.6111111111111112,0.2509066069756802
31160,63333.333333333336,3333.3333333333335,0.0,6666.666666666667,133333.33333333334,23333.333333333332,0.0,53333.333333333336,293333.3333333333,40000.0,1.0,0.5546709598720447
31170,73555.55555555556,0.0,0.0,2222.222222222222,50222.22222222222,0.0,0.0,0.0,19555.555555555555,1111.111111111111,1.0,-0.0955929984999258
31180,122272.72727272728,0.0,0.0,1818.1818181818182,38181.818181818184,28181.81818181818,0.36363636363636365,0.0,9545.454545454546,1818.1818181818182,0.9090909090909092,-0.1950901174211099
31190,159443.0975609756,585.3658536585366,2268.2926829268295,10135.162162162162,62513.54054054054,270.27027027027026,0.2702702702702703,23243.243243243243,36756.07317073171,59324.32432432433,0.6792452830188679,0.9428803680100428
31200,128872.8813559322,305.08474576271186,305.08474576271186,7462.962962962963,72564.81481481482,30240.74074074074,0.09259259259259259,11851.851851851852,35050.84745762712,4157.407407407408,0.868421052631579,0.0892252082960331
31210,180466.66666666666,0.0,0.0,3666.6666666666665,42066.666666666664,53333.333333333336,0.06666666666666667,3333.3333333333335,29600.0,44800.0,0.875,-0.3319458035926608
31220,132200.0,266.6666666666667,0.0,7142.857142857143,43642.857142857145,42857.142857142855,0.0,0.0,29666.666666666668,1785.7142857142858,0.95,-0.3567335145005122
31230,82861.125,1441.6666666666667,3516.6666666666665,8045.454545454545,39772.72727272727,11136.363636363636,0.09090909090909091,2727.2727272727275,33083.333333333336,227.27272727272728,0.7931034482758621,0.0132883263458851
31240,101218.49315068492,95.89041095890411,1301.3698630136987,12275.36231884058,60855.07246376811,1688.4057971014493,0.11594202898550725,5217.391304347826,34690.41095890411,4536.231884057971,0.8823529411764706,0.4533601620910786
31250,121833.33333333333,0.0,666.6666666666666,6327.586206896552,63362.06896551724,0.0,0.3103448275862069,12758.620689655172,26566.666666666668,22482.758620689656,0.8181818181818182,0.0334389048732359
31260,129361.11111111111,0.0,555.5555555555555,7733.333333333333,52233.333333333336,1333.3333333333333,0.4,40000.0,32777.833333333336,10133.333333333334,0.8260869565217391,0.0868647689609029
31270,100532.14285714286,71.42857142857143,428.57142857142856,17179.10447761194,59798.432835820895,3358.208955223881,0.2835820895522388,17701.492537313432,28108.64285714286,5783.582089552238,0.9012345679012346,-0.2598280947555727
31280,207635.8148148148,777.7777777777778,1703.7037037037037,5540.0,46600.0,68360.0,0.2,10400.0,32444.48148148148,35640.0,0.8620689655172413,-0.4361234222276095
31350,109068.64705882352,0.0,588.2352941176471,18529.41176470588,45588.23529411765,1176.4705882352941,0.23529411764705882,10000.0,21176.470588235294,0.0,0.85,-0.4364880974949786
31370,152191.50273224045,322.40437158469945,1836.0655737704917,24085.6408839779,71721.00552486187,2127.07182320442,0.3701657458563536,35248.57458563536,40660.03825136612,18022.10497237569,0.8921568627450981,-0.47945706346952
31380,82102.93137254902,196.07843137254903,166.66666666666666,7245.098039215686,42558.813725490196,1225.4901960784314,0.13725490196078433,7696.068627450981,25235.28431372549,3980.392156862745,0.9306930693069309,-0.4960141734917961
32010,110091.32692307692,644.2307692307693,1653.8461538461538,19831.57894736842,59199.98947368421,5810.526315789473,0.22105263157894736,11263.157894736842,36927.86538461538,13999.98947368421,0.784,-0.2460426439584315
32020,143166.6984126984,0.0,2841.2698412698414,18018.21818181818,69509.09090909091,4272.727272727273,0.34545454545454546,46000.01818181818,36063.53968253968,21290.909090909092,0.7721518987341772,-0.3122466908097691
32030,264063.1081081081,5519.519519519519,6228.2282282282285,43977.815699658706,141977.80887372015,10935.153583617748,0.9556313993174061,77901.02730375426,69973.5975975976,15092.143344709897,0.7548543689320388,-0.2886422467377839
32040,225097.22222222222,555.5555555555555,1574.0740740740741,54348.83720930233,124674.41860465116,15093.023255813954,0.9069767441860465,79069.76744186046,64888.92592592593,9488.372093023256,0.8589743589743589,-0.3958618548514753
32050,197026.31578947368,1052.6315789473683,342.10526315789474,27666.666666666668,89944.44444444444,7222.222222222223,0.7222222222222222,75555.66666666667,65236.73684210526,16666.666666666668,0.88,-0.4414076559212901
32060,260123.6803652968,1383.5616438356165,3351.5981735159817,37565.71212121212,129646.48484848485,9303.030303030304,1.005050505050505,75964.64646464646,63203.17351598173,11308.080808080807,0.8517241379310345,-0.3393070488905
32070,202158.203125,2187.5,546.875,42359.375,88999.765625,2109.375,0.8125,115546.875,47098.671875,7093.75,0.8285714285714286,-0.3715441350511795
32310,156534.1463414634,0.0,487.8048780487805,16750.0,45700.0,2750.0,0.7,44500.0,34609.756097560974,7075.0,0.8888888888888888,-0.4567356579894758
32320,96805.55555555556,0.0,1111.111111111111,3125.0,51250.0,2500.0,0.25,10000.0,31666.666666666668,0.0,0.8333333333333334,-0.4593326463329636
32330,145675.42105263157,0.0,1052.6315789473683,11323.529411764706,66470.58823529411,0.0,0.7647058823529411,52058.82352941176,44315.73684210526,15294.117647058823,0.8928571428571429,-0.4605162289160717
32340,207708.30555555556,3055.5555555555557,3611.1111111111113,29457.14285714286,76200.0,3428.5714285714284,0.8571428571428571,53285.68571428571,44666.63888888889,23971.4,0.825,-0.4371803679521569
32350,205000.0,468.75,1031.25,14903.225806451614,84935.48387096774,10161.290322580646,0.5483870967741935,45483.87096774193,60312.5,29032.25806451613,0.8285714285714286,-0.4466114952192145
32360,85015.625,93.75,937.5,20357.14285714286,79107.14285714286,1178.5714285714287,0.2857142857142857,26785.714285714286,31781.25,10750.0,0.4210526315789473,-0.4127377137423611
32370,260000.0,0.0,0.0,70000.0,90000.0,15000.0,2.0,50000.0,25000.0,0.0,0.75,-0.4887671377542987
32380,232666.66666666666,0.0,0.0,10000.0,100000.0,0.0,1.3333333333333333,46000.0,76666.66666666667,0.0,1.0,-0.4484032917625827
32390,182299.36363636365,0.0,3636.3636363636365,68368.52631578948,86789.47368421052,5263.1578947368425,0.47368421052631576,74210.52631578948,69954.81818181818,6315.789473684211,0.6785714285714286,-0.4333571076855217
32400,160101.47826086957,0.0,0.0,20619.04761904762,90428.47619047618,5238.0952380952385,0.5238095238095238,38571.42857142857,49739.30434782609,8571.52380952381,0.9666666666666668,-0.4015238615379055
32410,274312.1477272727,659.0909090909091,2863.6363636363635,40500.01136363636,147795.64772727274,10625.0,0.9318181818181818,116465.93181818182,66988.73863636363,24284.079545454544,0.8878504672897196,-0.4407110999869422
33020,141436.23913043478,0.0,0.0,20138.166666666668,68107.14285714286,4642.857142857143,0.21428571428571427,20476.214285714286,41130.32608695652,12595.214285714286,0.9423076923076924,-0.4334982800324121
33030,138981.07936507938,793.6507936507936,476.1904761904762,14246.081967213115,57500.0,3967.2131147540986,0.5409836065573771,26393.44262295082,33349.666666666664,5065.573770491803,0.7183098591549296,-0.348369348775343
33040,124941.86046511628,0.0,2558.139534883721,6292.682926829269,47621.95121951219,9878.048780487805,0.34146341463414637,14390.219512195123,44437.25581395349,7975.609756097561,0.7446808510638298,-0.0089971275186821
33320,66730.76923076923,192.30769230769232,2230.769230769231,3409.090909090909,25386.363636363636,2045.4545454545455,0.13636363636363635,3181.7727272727275,16403.884615384617,454.54545454545456,0.5428571428571428,-0.4654756035366517
33330,63676.470588235294,0.0,0.0,12058.823529411764,30264.70588235294,2941.176470588235,0.11764705882352941,14117.70588235294,20588.235294117647,1647.0588235294117,0.9375,-0.5234606105121931
33340,110250.0,0.0,0.0,12000.0,15400.0,10800.0,0.8,6000.0,29833.333333333332,5600.0,0.75,-0.6160624667180764
33350,120333.33333333333,0.0,10000.0,27500.0,56833.333333333336,5000.0,0.25,12500.0,28166.666666666668,750.0,0.6875,-0.4432969685414099
33360,92593.75,0.0,2291.6666666666665,5437.5,42083.333333333336,0.0,0.4166666666666667,26666.666666666668,32937.5,583.3333333333334,0.8518518518518519,-0.4666366338799917
33370,110000.0,0.0,0.0,5000.0,25000.0,10000.0,0.0,0.0,40000.0,5000.0,1.0,-0.4797925864424823
33380,167567.39716312056,0.0,1312.0567375886526,34250.0,83094.69696969698,8022.727272727273,0.4772727272727273,50136.40909090909,51766.02127659575,18219.651515151516,0.9079754601226994,-0.4745225178859498
33390,155000.0,0.0,0.0,33000.0,114000.0,0.0,2.0,20000.0,12250.0,0.0,1.0,-0.465811386189641
34010,108186.20689655172,2344.8275862068967,1482.7586206896551,10629.62962962963,54814.81481481482,21740.74074074074,0.37037037037037035,10296.296296296296,32441.379310344826,2851.8518518518517,0.696969696969697,0.0234885772516521
34020,90520.27027027027,45.04504504504504,4279.279279279279,22401.970588235294,37352.98039215686,6029.411764705882,0.058823529411764705,7843.137254901961,29153.099099099098,4960.78431372549,0.8428571428571429,-0.4511503359412969
34030,171073.26041666666,0.0,2630.2083333333335,39690.145833333336,80674.43229166667,10572.916666666666,0.3802083333333333,50515.661458333336,49770.401041666664,8208.333333333334,0.9174757281553398,-0.4651795861140039
34040,99922.16666666667,857.1428571428571,3678.5238095238096,15179.48717948718,70025.58974358975,8564.102564102564,0.2564102564102564,30769.17948717949,40107.07142857143,12923.076923076924,0.7735849056603774,-0.2434839168585337
34050,118738.09523809524,0.0,476.1904761904762,7666.666666666667,61714.28571428572,1523.8095238095239,0.42857142857142855,29285.714285714286,38571.42857142857,3666.6666666666665,0.9666666666666668,-0.4278903785799588
34060,69876.21212121213,0.0,2424.242424242424,11642.857142857143,41071.42857142857,3250.0,0.10714285714285714,7357.142857142857,32454.39393939394,3714.285714285714,0.8936170212765957,-0.3956084360818312
34070,80333.33333333333,0.0,1000.0,7500.0,35000.0,0.0,0.0,0.0,11000.0,51500.0,0.75,-0.5046458460999634
34080,148005.4516129032,0.0,0.0,33461.61538461538,152980.8076923077,16346.153846153846,0.34615384615384615,49230.769230769234,59193.6129032258,692.3076923076923,0.9555555555555556,-0.4375714615302964
34310,111749.96153846153,0.0,1153.8461538461538,30913.043478260868,37543.47826086957,10217.391304347826,0.043478260869565216,3043.478260869565,25999.884615384617,9565.217391304348,0.8857142857142857,-0.4908507305343444
34330,143208.35416666666,0.0,4687.5,21065.217391304348,51445.65217391304,31739.130434782608,0.2608695652173913,13043.478260869566,46510.479166666664,5478.260869565217,0.9074074074074074,-0.4408967539908296
34340,133806.38028169013,0.0,5000.0,28250.085714285713,49421.42857142857,15285.714285714286,0.18571428571428572,15571.42857142857,45436.619718309856,4928.571428571428,0.9027777777777778,-0.5132674103942122
34350,65187.5,0.0,5000.0,5000.0,115749.375,5000.0,0.0,0.0,30250.0,625.0,0.75,-0.5316389011249114
34360,77500.0,0.0,0.0,0.0,46666.666666666664,0.0,0.0,0.0,38250.0,0.0,0.8,-0.4557924705698084
34370,88744.68,0.0,1600.0,12083.333333333334,54854.125,5458.333333333333,0.125,5416.666666666667,30248.0,3583.3333333333335,0.9714285714285714,-0.4501584060715715
34380,180062.44545454546,0.0,3636.3636363636365,41428.58095238095,95704.78095238096,6114.285714285715,0.4380952380952381,47009.485714285714,48519.045454545456,12733.333333333334,0.8244274809160306,-0.4723861824938213
35010,184591.16666666666,100.0,4031.25,33224.137931034486,77345.97701149425,21241.379310344826,0.40229885057471265,41609.22988505747,51652.114583333336,11218.3908045977,0.8145161290322581,-0.2455943164636077
35020,150227.55140186916,0.0,1401.8691588785048,26378.504672897197,58838.31775700935,2588.785046728972,0.308411214953271,45794.392523364484,54722.42990654206,18261.682242990653,0.8407079646017699,-0.3069507192041067
35030,77000.0,0.0,0.0,3333.3333333333335,30000.0,5666.666666666667,0.0,0.0,29600.0,0.0,1.0,-0.2828155856931744
35040,88295.16129032258,0.0,1935.483870967742,5806.451612903225,35000.0,6548.387096774193,0.12903225806451613,20322.58064516129,58387.096774193546,2935.483870967742,0.9090909090909092,-0.496361684864435
35050,194600.0,100.0,10500.0,27810.344827586207,55017.24137931035,20344.827586206895,0.3103448275862069,39655.1724137931,57233.333333333336,28344.827586206895,0.725,-0.4799284366400805
35060,58000.0,0.0,0.0,16000.0,30000.0,0.0,0.0,0.0,40000.0,0.0,1.0,-0.5291598508853524
35310,167867.64705882352,0.0,7941.176470588235,31538.46153846154,66961.53846153847,30384.615384615383,0.46153846153846156,26923.076923076922,39000.0,5769.2307692307695,0.5454545454545454,-0.4648951696385519
35320,88971.875,0.0,1875.0,11250.0,29812.5,1250.0,0.25,10625.0,18750.0,6250.0,0.75,-0.5106282075048464
35330,148019.26923076922,0.0,961.5384615384615,16009.615384615385,50701.92307692308,192.30769230769232,0.5192307692307693,27211.53846153846,42019.307692307695,26134.596153846152,0.8571428571428571,-0.5710052983512912
35340,84250.0,0.0,0.0,3500.0,33000.0,0.0,0.0,0.0,105000.0,15000.0,1.0,-0.5781933494771061
35350,159937.5,0.0,0.0,13875.0,64437.5,6562.5,0.5,20000.0,37937.5,6062.5,1.0,-0.5321879103281016
35360,139275.0,0.0,0.0,21208.333333333332,40650.0,7500.0,0.3333333333333333,6666.666666666667,30083.333333333332,833.3333333333334,0.6666666666666666,-0.5729936357473204
35370,165548.78048780488,0.0,0.0,22405.405405405407,53567.56756756757,8135.135135135135,0.4864864864864865,20270.27027027027,60878.04878048781,6243.243243243243,0.9230769230769232,-0.523459564233398
35380,186705.35714285713,0.0,0.0,37264.705882352944,80843.13725490196,7098.0392156862745,0.7450980392156863,135490.19607843139,67460.71428571429,7647.058823529412,0.8860759493670886,-0.5111382364079252
36010,191786.58536585365,3414.6341463414633,975.609756097561,43650.0,213700.0,4450.0,0.85,66750.0,87731.70731707317,5450.0,0.7962962962962963,-0.3376319321189165
36020,268026.50653594773,2712.418300653595,1431.3725490196077,32770.637992831544,97481.66666666667,9157.706093189965,1.060931899641577,98655.9605734767,69908.46732026144,15390.68100358423,0.7412398921832885,-0.2048392482876175
36030,188182.65040650408,0.0,1626.0162601626016,20719.879310344826,77338.74137931035,9939.655172413793,0.6293103448275862,55732.75862068965,52926.82113821138,19750.0,0.7123287671232876,-0.2533148152698634
36040,208050.0,11666.666666666666,2500.0,5700.0,74100.0,23000.0,0.8,40000.0,51250.0,50000.0,0.4090909090909091,-0.4573267211414089
36060,242083.33333333334,125.0,5125.0,15000.0,85944.44444444444,7777.777777777777,0.8888888888888888,66666.66666666667,57333.25,19333.333333333332,0.6428571428571429,-0.3364232536439718
36310,100940.39855072464,0.0,72.46376811594203,6507.8125,44327.34375,8375.0,0.171875,9164.0625,49601.42753623189,3421.875,0.9675324675324676,-0.5349683057687554
36320,128752.31481481482,0.0,0.0,14064.814814814816,52122.22222222222,7685.185185185185,0.3333333333333333,56388.88888888889,65066.666666666664,8666.666666666666,0.864406779661017,-0.4375205775555489
36330,150479.0819672131,24.59016393442623,3631.1475409836066,24024.590163934427,41108.19672131148,8442.622950819672,0.4426229508196721,30245.90163934426,55475.39344262295,4098.360655737705,0.7164179104477612,-0.5340585111899583
36350,280750.0,0.0,3076.923076923077,26818.18181818182,91545.45454545454,14090.90909090909,1.1818181818181819,35454.545454545456,44538.46153846154,9090.90909090909,0.6875,-0.5182801072539672
36360,176250.0,0.0,1250.0,20384.615384615383,56538.46153846154,6923.076923076923,0.3076923076923077,24615.384615384617,38750.0,21538.46153846154,0.8461538461538461,-0.4829683679795474
36370,128500.0,0.0,0.0,10777.777777777777,24944.444444444445,0.0,0.0,0.0,26800.0,71333.33333333333,0.9230769230769232,-0.494662362508276
36390,389472.22222222225,0.0,1388.888888888889,36437.5,119375.0,56250.0,1.0,7500.0,42777.77777777778,4375.0,0.4166666666666667,-0.4558430952130874
36400,252151.63636363635,0.0,6363.636363636364,19636.454545454544,91818.27272727272,3636.3636363636365,0.8181818181818182,29090.909090909092,39454.63636363636,54363.63636363636,0.6,-0.4897476404546554
36410,150750.0,0.0,0.0,19500.0,44250.0,2500.0,0.75,20000.0,26250.0,10000.0,1.0,-0.4382430132734751
36420,156428.57142857142,0.0,4285.714285714285,7800.0,39000.0,6000.0,0.4,24000.0,52142.857142857145,2000.0,0.5,-0.4628268090033502
36430,215000.0,0.0,0.0,80001.0,300000.0,0.0,1.0,150000.0,114999.0,0.0,0.8,-0.4719912592585681
36440,100000.0,0.0,0.0,0.0,62500.0,0.0,0.5,15000.0,22500.0,0.0,0.8,-0.4522004315421912
36450,77290.8431372549,0.0,98.03921568627452,4960.0,37910.0,4800.0,0.14,31800.0,46205.86274509804,660.0,1.0,-0.5544491139676542
36460,277257.35294117645,176.47058823529412,2941.176470588235,20709.677419354837,41838.709677419356,6451.612903225807,0.9032258064516129,19354.83870967742,23029.41176470588,645.1612903225806,0.3846153846153846,-0.5643035905481487
36470,395230.76923076925,0.0,0.0,62948.717948717946,119461.53846153847,29102.5641025641,1.2564102564102564,106923.07692307692,64282.05128205128,9871.794871794871,0.9534883720930232,-0.6180025814420529
36480,205200.0,0.0,0.0,14272.727272727272,47909.09090909091,21818.18181818182,0.36363636363636365,1818.1818181818182,56869.565217391304,3909.090909090909,0.7037037037037037,-0.5869014679015796
37010,135413.38150289017,1849.7109826589594,10635.838150289017,21831.150602409638,74692.77108433735,9548.192771084337,0.45180722891566266,28825.24096385542,44867.687861271676,7500.0,0.7251184834123223,-0.1779978080684461
37020,232956.9894736842,4142.105263157895,6121.0526315789475,36405.02406417112,104660.40909090909,12569.51871657754,0.8288770053475936,89157.71122994652,61788.14473684211,11636.366310160427,0.8416075650118203,-0.3683786924736335
37030,229472.16666666666,0.0,0.0,42272.72727272727,89272.72727272728,8363.636363636364,0.7272727272727273,69090.81818181818,63749.916666666664,20272.727272727272,1.0,-0.4436713230200338
37040,134328.57142857142,25714.285714285714,2000.0,14411.764705882353,103036.76470588235,15970.588235294117,0.4117647058823529,54411.76470588235,69828.57142857143,9867.64705882353,0.8266666666666667,-0.4164411532845872
37050,43571.42857142857,0.0,1190.4761904761904,2777.777777777778,25500.0,1944.4444444444443,0.05555555555555555,0.0,14095.238095238095,555.5555555555555,0.76,-0.314059624888862
37060,99033.875,14687.5,1406.25,9758.064516129032,63774.1935483871,15709.677419354839,0.2903225806451613,25483.870967741936,52718.8125,4612.903225806452,0.7941176470588235,-0.4989814312467316
37070,90555.55555555556,0.0,8888.888888888889,2500.0,26000.0,16666.666666666668,0.0,0.0,33222.22222222222,5000.0,0.5714285714285714,-0.45494411049392
37080,131181.81818181818,0.0,0.0,7863.636363636364,38454.545454545456,3454.5454545454545,0.5454545454545454,17000.0,31681.81818181818,50909.09090909091,0.9,-0.4970519706323099
37090,111899.07692307692,0.0,1346.1538461538462,27048.30769230769,139403.84615384616,3096.153846153846,0.5961538461538461,53288.46153846154,46701.92307692308,2519.230769230769,0.9230769230769232,-0.4611792520670965
37100,30714.285714285714,0.0,1000.0,3833.3333333333335,20500.0,0.0,0.0,0.0,9142.857142857143,0.0,0.6875,-0.3323361036882948
37310,97090.90909090909,0.0,0.0,0.0,30000.0,5000.0,0.18181818181818182,2727.2727272727275,21181.81818181818,16363.636363636364,0.9090909090909092,-0.5077053731757575
37320,45200.0,0.0,0.0,2700.0,18600.0,3500.0,0.1,100.0,9000.0,6100.0,0.9,-0.5015925577198997
37330,84225.80645161291,0.0,0.0,6607.142857142857,32500.0,10285.714285714286,0.39285714285714285,10714.285714285714,21322.58064516129,1750.0,0.8333333333333334,-0.5228004303315443
37340,50000.0,0.0,0.0,4000.0,27000.0,0.0,0.4,0.0,13000.0,4000.0,1.0,-0.6172469649149586
37350,108465.44715447155,691.0569105691056,861.7886178861788,17479.166666666668,60191.666666666664,3683.3333333333335,0.3,13875.0,27414.634146341465,2616.6666666666665,0.9022556390977444,-0.5047291282873396
37360,69910.71428571429,0.0,0.0,6720.0,32520.0,6000.0,0.24,7600.0,20928.571428571428,1840.0,1.0,-0.4895679584179074
37370,35714.28571428572,0.0,0.0,6214.285714285715,30000.0,0.0,0.0,6428.571428571428,19071.428571428572,0.0,1.0,-0.5017282082469802
37380,66600.0,0.0,0.0,6400.0,19000.0,3000.0,0.4,16000.0,7200.0,0.0,0.8333333333333334,-0.5212553745921412
37390,93142.85714285714,0.0,1428.5714285714287,1666.6666666666667,29833.333333333332,9166.666666666666,0.3333333333333333,15000.0,23142.85714285714,0.0,0.5,-0.5157343680787118
37400,47000.0,0.0,6666.666666666667,4166.666666666667,25333.333333333332,7000.0,0.0,0.0,13000.0,1666.6666666666667,0.8333333333333334,-0.5037782153836572
37410,72958.3125,0.0,2687.5,11312.4375,31375.0,625.0,0.125,5000.0,18499.9375,2375.0,0.7647058823529411,-0.5607917975770992
37420,103820.83333333333,0.0,2416.6666666666665,21157.894736842107,102385.9649122807,9912.280701754386,0.2982456140350877,38333.333333333336,37233.333333333336,3859.6491228070176,0.8823529411764706,-0.4461438041035417
37430,488458.3214285714,0.0,714.2857142857143,12258.92857142857,65008.92857142857,15375.0,1.8035714285714286,31071.428571428572,28723.196428571428,1928.5714285714287,0.2542372881355932,-0.553946692663702
38030,150228.4090909091,568.1818181818181,3295.4545454545455,12952.380952380952,54245.23809523809,14523.809523809523,0.7857142857142857,12619.047619047618,45659.09090909091,7880.952380952381,0.7,-0.2443438036901808
38050,240058.54814814814,0.0,592.5925925925926,32778.64885496183,92931.29770992366,8137.404580152672,0.9312977099236641,74503.81679389313,40100.74074074074,19400.763358778626,0.697986577181208,-0.3900852057640819
38060,152880.53333333333,0.0,1733.3333333333333,15357.142857142857,59285.67857142857,13214.25,0.32142857142857145,30714.285714285714,48166.63333333333,8321.42857142857,0.8055555555555556,-0.468725862254497
38070,173500.0,12321.42857142857,1428.5714285714287,33700.0,85799.9,0.0,0.5,12000.0,88142.92857142857,500.0,0.2631578947368421,-0.2886119922826238
38080,150836.45833333334,0.0,583.3333333333334,20434.782608695652,59847.82608695652,3695.6521739130435,0.8043478260869565,48630.434782608696,26104.166666666668,2021.7391304347825,0.8793103448275862,-0.5193853025045826
38090,273879.92727272725,109.0909090909091,790.9090909090909,22947.115384615383,89865.36538461539,9596.153846153846,1.1634615384615385,68269.22115384616,52527.3,7634.615384615385,0.744,-0.5727471368734125
38100,111315.78947368421,0.0,3947.3684210526317,2117.6470588235293,21764.70588235294,0.0,0.29411764705882354,10588.235294117647,25263.157894736843,6117.64705882353,0.8214285714285714,-0.2571334243323605
38110,118566.10344827586,10344.827586206897,1551.7241379310344,10043.478260869566,38695.69565217391,1391.304347826087,0.782608695652174,10869.565217391304,51275.862068965514,1086.9565217391305,0.6578947368421053,0.2294465973888941
38310,103000.0,0.0,0.0,0.0,20000.0,0.0,1.0,30000.0,43000.0,0.0,0.0,-0.5570026863563159
38320,100000.0,0.0,0.0,0.0,0.0,0.0,0.0,0.0,0.0,0.0,1.0,-0.55910800536854
38330,173375.0,0.0,0.0,9714.285714285714,22714.285714285714,0.0,0.8571428571428571,22857.14285714286,26875.0,714.2857142857143,0.7777777777777778,-0.5394509078460479
38340,112488.93333333333,0.0,0.0,9692.307692307691,65384.61538461538,2307.6923076923076,0.5384615384615384,19230.76923076923,34866.933333333334,1000.0,0.9411764705882352,-0.5426007095661676
38350,204078.125,104.16666666666667,1020.8333333333334,28563.82978723404,68398.93617021276,7574.468085106383,0.8085106382978723,61489.36170212766,53437.479166666664,4244.68085106383,0.9017857142857144,-0.5832681234604777
38360,150509.25925925927,0.0,0.0,12960.78431372549,55656.86274509804,5392.156862745098,0.5686274509803921,34117.64705882353,59907.40740740741,3921.5686274509803,0.8955223880597015,-0.5526106224595355
38370,101261.90476190476,0.0,1904.7619047619048,18200.0,48099.95,12000.0,0.45,36000.0,38333.28571428572,2150.0,0.9130434782608696,-0.5266726743128758
38380,165470.58823529413,0.0,0.0,16235.29411764706,43470.58823529412,8235.29411764706,0.6470588235294118,41470.470588235294,31764.823529411766,1705.8823529411766,0.8823529411764706,-0.5270811505720565
38390,91000.0,0.0,227.27272727272728,19476.190476190477,57238.09523809524,476.1904761904762,0.47619047619047616,52952.19047619047,33591.09090909091,4523.809523809524,0.9047619047619048,-0.5037197028145204
38400,87733.33333333333,333.3333333333333,666.6666666666666,9966.666666666666,36333.333333333336,0.0,0.3333333333333333,8000.0,18433.333333333332,2533.3333333333335,0.8571428571428571,-0.5478804465204796
39010,629508.9873284055,354.80464625132,3753.959873284055,35297.967777777776,181592.4711111111,46560.0,2.077777777777778,116483.34333333334,218747.11193241816,23227.384444444444,0.0901162790697674,0.0883869180370829
39020,610052.3202614379,311.00217864923746,3718.954248366013,33863.55028248588,151236.14237288135,51677.96610169492,2.0327683615819208,87838.42937853107,187344.78758169935,21868.062146892655,0.1172962226640159,-0.3254115954975722
