,시군구코드,평균 접근 시간(분),정류장 밀도,철도역 밀도,발생량,1인당 대중교통 이용량,평균 환승 횟수,평균 환승 대기시간,대중교통 환승 이용 비율,환승 발생량,평균 통행거리(km),접근 가능 시설 수(개)
0,11010,33.093514195079614,37.2,0.0,182474355,31294.331595793068,33.9772,45293.0,8.4746,29362965.0,12.0,1.9407228232061933
1,11020,25.704874316902465,31.9,0.1006036217303823,212871059,17477.213692102112,13.772600000000002,23669.0,7.054,33236539.0,12.0,2.631206087691213
2,11030,25.394027069955683,34.0,0.0771604938271604,123011097,12621.346798138682,26.591,36689.0,11.686799999999998,26487958.0,11.0,2.403543268038681
3,11040,24.701796805976542,41.9,0.0,103326461,6266.025410076925,22.8651,36417.0,9.559899999999995,16931148.0,10.0,2.487085841417343
4,11050,24.48836485031281,36.0,0.0,113175517,5753.9898795754825,20.1311,34806.0,9.5304,21681189.0,10.0,2.7260345335707474
5,11060,25.40484853862316,31.5,0.0720980533525594,129804288,5410.588850021257,24.7788,32085.0,9.4583,31723354.0,10.0,1.9664866401800112
6,11070,18.44143845504908,44.4,0.0894454382826475,92036988,4455.480833051899,26.6174,38626.0,11.1766,22904457.0,9.0,2.193828925342247
7,11080,36.834578545025664,38.4,0.0,132470657,7650.642500161618,35.46239999999999,47302.0,12.793499999999993,34627302.0,9.0,1.498720242227787
8,11090,43.67336672251887,48.3,0.0,98114209,8036.761033554952,23.9078,31371.0,6.654,27285437.0,9.0,1.0664285293108622
9,11100,41.05836404929507,51.8,0.0,75132122,5054.531448403404,21.3555,32350.0,7.0093000000000005,18793767.0,10.0,0.7224349606848148
10,11110,33.48074046717682,53.2,0.0,131551289,9357.800144627136,41.374099999999984,64948.0,9.992000000000004,32607374.0,10.0,1.238135044264166
11,11120,37.99149104463736,42.2,0.0,124836875,7945.891030556028,36.559900000000006,52806.0,10.4771,32862973.0,10.0,1.231564086073642
12,11130,36.3468160617772,41.0,0.0,113103176,6511.453750395553,33.217699999999994,38957.0,11.095399999999998,29754675.0,9.0,1.4884394887950263
13,11140,34.87665696869922,53.0,0.0,191455358,12554.984753087936,30.852500000000003,48053.0,10.850500000000002,38420637.0,11.0,1.8116090516457928
14,11150,39.00615403816079,40.7,0.0,87536507,5010.200064578985,29.999700000000004,41920.0,10.0605,19327830.0,9.0,1.2605407964874773
15,11160,41.402653164344855,46.0,0.0,156897272,11550.127916946172,41.919,71467.0,15.008,32728567.0,11.0,1.3179821072187323
16,11170,36.79253629599423,49.3,0.0,157408788,8070.908408301435,38.861100000000015,49370.0,11.269399999999996,47522760.0,11.0,1.3620593585333676
17,11180,36.158817893319046,47.0,0.0,80212699,3202.7830544702483,22.410400000000003,30709.0,6.5172,16059203.0,11.0,1.2327816420672577
18,11190,29.35452657109192,48.1,0.0638977635782747,197185616,12917.041896057535,32.2776,46841.0,14.238600000000003,40074941.0,11.0,2.085645841869812
19,11200,28.8080996811843,38.5,0.0,139074155,6006.967772502212,29.86790000000001,36511.0,10.0398,38003628.0,10.0,2.3307852972550425
20,11210,37.36341192239417,44.1,0.0,169843564,10420.607248058712,39.57419999999999,52635.0,10.928099999999995,49710153.0,9.0,1.8008246388400349
21,11220,27.57660255234129,46.5,0.0,216555170,24950.93100047052,54.90419999999998,83215.0,18.9355,54054068.0,12.0,3.193746031129343
22,11230,28.07686018963697,36.3,0.0,353424021,25621.105898276845,50.90889999999998,79982.0,18.035200000000007,60502130.0,12.0,2.9006148992205736
23,11240,32.40972675068964,32.2,0.0,225537521,11680.84433207308,44.9924,78626.0,16.939400000000003,51503756.0,11.0,2.375893538355552
24,11250,37.216872253505855,43.3,0.0,89623057,4799.628395689946,29.5249,57318.0,10.4733,17546120.0,10.0,1.707925922761449
25,21010,35.28359255857083,48.1,0.0,35184449,2742.307969513532,3.5264,6759.0,2.1689,8515377.0,4.0,0.3521889385939816
26,21020,38.86903456240561,49.6,0.0,27173117,3646.960240422936,18.1539,28478.0,4.231,5301598.0,4.0,0.3399254080056663
27,21030,35.95870032360919,37.8,0.1483679525222551,43599806,5025.85698846888,11.0604,22631.0,4.253699999999999,8442603.0,5.0,0.3552542490189941
28,21040,50.78433494489416,53.4,0.0,18896087,2518.3432386240875,18.1667,37911.0,4.1334,2673782.0,8.0,0.0560314357942043
29,21050,34.12689810186843,41.2,0.0628535512256442,120800456,9969.59603251982,29.169700000000013,43033.0,11.723200000000002,23538086.0,4.0,0.5712412536717905
30,21060,42.23091183252199,54.8,0.0,59137610,3631.477038508919,18.9571,35043.0,7.3132,10808487.0,3.0,0.7318517683693725
31,21070,47.43498991679262,33.0,0.0,46951275,4954.002775698487,24.978500000000004,53256.0,6.1285,7770471.0,5.0,0.2360719563715805
32,21080,29.57903396994844,54.5,0.1958863858961802,53448000,7691.076477399351,22.071000000000005,47407.0,6.4791,9485475.0,4.0,0.9776359545624084
33,21090,48.27380744732244,34.1,0.0582750582750582,70356904,9527.682347988572,28.276200000000006,71641.0,9.021399999999998,9855520.0,5.0,0.0101434978428605
34,21100,50.48246595352728,36.8,0.0,63948124,8970.70023201445,41.358,77933.0,9.047900000000002,13288450.0,4.0,0.1950416367588504
35,21110,42.81493021178031,49.8,0.0,49901934,15110.154699544171,35.719399999999986,82105.0,7.150400000000002,8819789.0,4.0,1.388415353973879
36,21120,60.91540869937568,21.8,0.0,17234649,22047.41468834094,146.41449999999992,319405.0,15.208100000000009,4159590.0,10.0,0.1321705128767604
37,21130,39.71167411670408,38.8,0.0,52426308,3085.459161067512,15.141299999999996,27690.0,4.9305,8851796.0,3.0,0.5931439267212102
38,21140,43.1934962096106,34.0,0.0,36534204,2139.490281695779,11.852100000000002,26610.0,4.2196,5252949.0,4.0,0.2344871921447547
39,21150,26.69813239699429,33.0,0.0654450261780104,54521606,9698.96308341157,34.0462,54773.0,8.825299999999999,13208818.0,5.0,0.878176607343274
40,21310,59.22655923061422,29.8,0.0739918608953015,17016867,20788.24779919916,76.37730000000002,252762.0,10.956900000000006,2051565.0,16.0,0.0709999003674682
41,22010,22.42854492602979,21.7,0.1538461538461538,44426848,3521.6647230145177,0.7887000000000001,218394.0,0.0015,5272601.0,0.0,2.30159455433199
42,22020,26.576182339214963,22.8,0.0391849529780564,50094181,26611.159157447168,1.1933,346251.0,0.0055,8654665.0,0.0,1.658285508505579
43,22030,25.5928158822648,15.5,0.0,23210047,2449.8928261245883,0.2306,69526.0,0.0006,3983720.0,0.0,1.9398460223095848
44,22040,26.57524302766006,19.1,0.0,22837389,2859.86256106072,0.7466,232281.0,0.003,3367472.0,0.0,1.950795613374906
45,22050,30.127951666654493,170.79999999999998,0.0,45236529,10128.04772838755,1.292,291302.0,0.0044,6371019.0,0.0,1.437001240631136
46,22060,30.39970924685616,23.4,0.0,47236995,8876.12186942886,1.4485,465999.0,0.0072,6442110.0,0.0,1.794934889856286
47,22070,36.13308850638956,17.1,0.0,63615501,7517.699192308092,1.1998999999999995,379211.0,0.0022,9305394.0,0.0,1.364237623254878
48,22310,60.10232984432819,11.5,0.0,17057673,27879.705769158507,0.4474,104126.0,0.0007,1656589.0,0.0,0.722436476026367
49,23010,62.86800829098349,17.9,0.0,38473802,33977.22874045474,50.5339,176550.0,10.634699999999992,5692818.0,18.0,0.5427937194042287
50,23020,58.57462881145796,20.3,0.0,7296493,889.3375180839079,10.327399999999995,17667.0,1.635,1257477.0,9.0,0.5215695105068863
51,23040,55.73231055456736,16.4,0.0,55314774,7920.515858840529,54.0552,116313.0,12.057600000000004,9923472.0,13.0,0.570325047635082
52,23050,47.92295148258627,26.4,0.0,71546069,8347.271435942683,71.11269999999998,133483.0,18.361499999999992,9975270.0,10.0,0.9785000418421144
53,23060,46.34758089192435,39.7,0.0,100586154,6515.918204574364,37.86330000000001,67508.0,13.1244,21525459.0,11.0,1.0712856210109467
54,23070,51.88214417183859,39.3,0.0,48448447,7877.501122858338,42.1231,70565.0,9.7449,14788081.0,12.0,0.9700242286040048
55,23080,62.921028628283246,20.8,0.0,79427175,15146.11721916967,131.91739999999996,262242.0,24.426400000000008,16429608.0,13.0,0.3189773939454684
56,23310,92.5225580772122,329.6,0.0,2521222,15031.60557683965,133.84019999999992,283117.0,7.4220000000000015,432794.0,20.0,0.4186926074542789
57,23320,119.71465494092374,0.0,0.0,131066,1112.424042213645,4.9993,19709.0,0.0297,5340.0,42.0,0.0
58,24010,36.36158584701415,18.6,0.0,20090643,9245.264916000064,12.4756,37546.0,2.9710999999999994,3683517.0,6.0,0.7170409366187416
59,24020,42.090944618962816,19.1,0.0494071146245059,26653187,4480.505182615322,21.8051,65232.0,5.234400000000003,4593170.0,5.0,0.287477049477243
60,24030,39.27860926207207,16.4,0.0606428138265615,13889427,4038.710349621901,24.57960000000001,56409.0,3.1332999999999984,1886307.0,4.0,0.4818028299203641
61,24040,38.60088621363209,20.5,0.03269042170644,33704378,9612.169563773756,42.3008,111832.0,9.4099,6816782.0,5.0,0.4689522110765753
62,24050,45.54560389213481,15.9,0.0441793682350342,25013419,14039.98648360312,62.22089999999999,135909.0,8.496400000000003,3602745.0,6.0,0.2781556955628688
63,25010,27.60262858446169,33.0,0.0685400959561343,37773510,23725.169016276177,71.95499999999997,202108.0,12.695000000000007,8380220.0,7.0,1.2062916158153558
64,25020,23.886480090899187,26.7,0.0698324022346368,30307927,8442.55016836166,39.3289,136839.0,10.293499999999998,5533554.0,6.0,1.329905595422588
65,25030,33.97550924933714,27.1,0.0,54747305,11257.37143470359,64.08460000000002,213995.0,16.760599999999997,11512463.0,6.0,1.150754238473289
66,25040,46.773632692647695,34.3,0.0,39247468,18894.888367399228,103.8636,310443.0,21.74529999999997,9407150.0,9.0,0.7683964522052649
67,25050,29.37279660620135,17.1,0.0518403317781233,15486001,6267.229360492758,51.33560000000002,156302.0,10.7613,2935835.0,8.0,0.9626253877897016
68,26010,32.23694350531346,26.3,0.0,14758571,2616.9183917447667,16.561100000000003,82113.0,5.845800000000001,1870594.0,7.0,1.5726564332812554
69,26020,31.106417819269147,13.8,0.0217202432667245,31633858,11221.357225417758,31.52040000000001,134736.0,6.6473,3775487.0,8.0,2.031283485907807
70,26030,45.5796504878128,22.2,0.0,11534811,2732.0824021803983,6.8888000000000025,67319.0,2.3371,645912.0,9.0,0.9380437468686952
71,26040,37.87404229576386,17.4,0.03933910306845,11646958,8465.790086995505,34.1293,135448.0,9.325200000000002,1331970.0,9.0,0.8555134515287224
72,26310,51.6706617192502,18.8,0.0491964578550344,10504786,36377.75680564012,101.68370000000002,479126.0,12.667400000000002,516249.0,17.0,1.135167024012714
73,31010,29.267963893905936,6.5,0.0044738725841088,189316286,19148.93981304268,31.864600000000003,65958.0,7.594099999999997,43831404.0,11.0,1.753637090266921
74,31020,36.41215045103056,14.3,0.0,251283912,38694.70675776493,41.4114,56402.0,12.579299999999996,65889261.0,9.0,1.7397779467266865
75,31030,37.36018252873169,45.0,0.0,68784501,12083.625527464292,54.0142,117109.0,18.264700000000005,8682938.0,12.0,0.9506719643419927
76,31040,33.12394884447468,20.4,0.0242836328314715,138588958,14885.348737509885,32.15290000000001,49011.0,8.435400000000001,40904004.0,8.0,1.2544890329865863
77,31050,40.39518056164181,12.9,0.0,166656054,11422.81817199279,88.42930000000003,133102.0,25.110000000000014,43402781.0,8.0,0.9716428419598258
78,31060,35.7706226288182,54.4,0.0848176420695504,60513141,8319.0262250461,47.78710000000001,71667.0,13.987100000000002,13847105.0,9.0,1.2479877001199724
79,31070,34.77926047163086,22.6,0.0261814373609111,49091966,38080.15913490159,233.9843999999999,547241.0,19.4217,9516240.0,15.0,2.034718800847188
80,31080,55.23538859173621,41.0,0.0,8325926,8987.671117228318,31.057999999999986,85508.0,2.987399999999999,696273.0,22.0,1.12246665280712
81,31090,45.606450608972445,13.8,0.0,78424292,19499.27375682297,56.39319999999999,101763.0,8.1034,17252535.0,10.0,1.2727124072716989
82,31100,36.57126599842233,16.5,0.0066229551625935,158088951,39434.47240792615,168.11110000000005,300103.0,23.95760000000002,33536830.0,11.0,1.1515709065318969
83,31110,42.3894455928077,37.8,0.0,23468800,10392.911800686945,23.1207,41334.0,6.019900000000002,5041771.0,13.0,1.710235839269659
84,31120,32.50162124937213,45.0,0.0,28467745,5072.956328558178,34.38210000000001,57387.0,10.760199999999998,5934368.0,11.0,1.069123915054365
85,31130,39.76732611298362,37.2,0.0201653559185319,79834247,49947.03224773106,248.88069999999985,534475.0,39.97490000000002,15487402.0,15.0,0.5013218279683016
86,31140,27.33557364174467,29.2,0.0668896321070234,23896628,4442.065738867394,47.495700000000014,114625.0,6.303300000000001,5261658.0,17.0,1.7652414993479932
87,31150,53.45963135090896,30.7,0.0,49321361,13280.415726158291,160.2219000000001,325051.0,26.514399999999995,9963604.0,15.0,0.8200971670070205
88,31160,37.42571275574174,45.9,0.0,58909555,8213.046764223303,39.5744,69668.0,10.369499999999997,15405937.0,12.0,1.5895443288127509
89,31170,42.43136103590922,49.5,0.0,20694437,7037.95827367202,57.7192,90062.0,10.4038,4647211.0,11.0,1.2004605237608257
90,31180,50.3524385054552,32.8,0.0,34726256,9789.561499606782,66.1501,128763.0,9.027899999999995,3775630.0,12.0,0.7516937559957753
91,31190,54.52896108788844,16.6,0.0,121073919,66555.61314763266,219.98809999999995,477651.0,14.30699999999999,24842830.0,12.0,0.8542817686264874
92,31200,78.53759607289247,58.2,0.0,44191255,59835.17571642433,325.4758999999997,710009.0,31.17519999999999,9183325.0,17.0,0.2997083390088794
93,31210,45.80155173222473,80.9,0.0,10727968,22289.83653020412,133.73140000000004,330019.0,11.516000000000007,1913336.0,22.0,0.7222613472202805
94,31220,72.31647227407554,57.2,0.0,10797623,31616.493898421308,175.20600000000007,341024.0,12.181299999999997,1181094.0,14.0,1.059301462723286
95,31230,64.84462466223644,43.6,0.0,45830744,26074.6891867854,182.2845,391853.0,21.699100000000023,7414429.0,16.0,0.4179675697999195
96,31240,51.02355437180584,36.6,0.0,70924512,52621.34915315956,472.90250000000015,954683.0,47.17459999999997,14460195.0,16.0,0.8336424091010637
97,31250,51.4593243417562,92.0,0.0,36572033,40273.65047763672,232.11610000000005,417257.0,23.285499999999985,7503661.0,14.0,0.953684672436427
98,31260,62.66439077917147,40.8,0.0,29919396,34659.59744359267,243.1103,427265.0,26.713100000000008,8478210.0,16.0,0.6318491219852804
99,31270,71.20094304485288,83.0,0.0,8923101,51488988.0738416,183.84509999999992,395918.0,13.885199999999996,1183519.0,18.0,0.9358924348652228
100,31280,69.64447229262956,164.7,0.0,4443543,23621.71177332013,91.14410000000004,256751.0,6.954399999999996,534963.0,25.0,0.5667638349065334
101,31350,87.55800022581698,69.6,0.0,2284036,37236.421842500735,118.89160000000004,162434.0,5.659600000000001,158128.0,28.0,1.0885988138778826
102,31370,67.89280003853364,105.7,0.0,3856693,52173.2527723476,156.02130000000005,237545.0,7.014400000000004,452952.0,34.0,0.707534121850124
103,31380,77.55036156246639,207.9,0.0,5137146,36007.35799296471,121.09750000000004,272892.0,7.5546,279503.0,33.0,0.2976730769230769
104,32010,44.01546935740293,39.2,0.0,14930879,58196.99306558636,55.79829999999998,279335.0,7.755799999999998,1688792.0,25.0,1.2887267933600055
105,32020,49.82614911192519,32.8,0.0854457419538593,12734477,30586.797435330027,176.4359000000003,621071.0,16.719199999999994,1512754.0,8.0,0.7670375115671632
106,32030,52.86695929735735,33.7,0.0811359026369168,7722748,38379.04019494735,102.57790000000008,480495.0,11.781700000000008,998820.0,9.0,1.1494527901088578
107,32040,36.66331041924081,12.9,0.0818665575112566,2098437,4269.327791097578,20.0739,106636.0,3.5699,120176.0,7.0,1.058459217177682
108,32050,30.406215408449214,17.0,0.2690582959641255,686330,5381.116613929364,3.989400000000001,86331.0,0.8873999999999997,27844.0,16.0,0.8064486711829078
109,32060,69.7537174412311,20.4,0.0,2918928,3761.871889155416,4.570500000000001,130580.0,1.3133000000000006,96171.0,7.0,1.7284760354690347
110,32070,76.49198921205321,17.7,0.1103143960286817,530447,10153.83640919436,24.27139999999999,160253.0,4.836900000000001,14526.0,17.0,1.1194968240575651
111,32310,106.98286072734554,78.3,0.0,784873,21229.200221037525,27.39340000000001,171073.0,1.9938,21197.0,18.0,0.4671097423880171
112,32320,93.6474729021534,99.8,0.4854368932038835,937462,20181.34722388249,11.215000000000002,90155.0,1.3809999999999996,10956.0,21.0,0.5029375404381182
113,32330,87.80378646058418,54.8,0.3883495145631068,339518,10253.294448483672,23.24550000000001,137841.0,3.2430000000000003,9680.0,23.0,0.4635352662113114
114,32340,99.01733812075288,28.7,0.3780718336483932,251687,9064.049941889163,10.5203,33290.0,2.2667000000000006,9878.0,21.0,0.682991558096251
115,32350,84.69656892829593,51.4,0.4444444444444444,772667,27556.39299595876,17.891999999999996,173683.0,2.7492,48763.0,18.0,0.4082726382470851
116,32360,85.15524368114953,27.1,0.0,566224,12160.1276074974,5.6058,88382.0,0.7888,14425.0,15.0,0.966212300718572
117,32370,90.89529627337652,40.7,0.0,224288,8862.432212008232,2.2631,7825.0,0.1394999999999999,2016.0,21.0,0.3427408945836854
118,32380,91.26013038080129,0.0,0.0,133842,4207.924846528893,0.4507,0.0,0.0,0.0,25.0,0.5576727642276422
119,32390,92.59693762610767,43.2,0.0,324262,16670.833989576928,15.8473,86203.0,1.5427999999999995,9214.0,19.0,0.7887951724610849
120,32400,81.62913635680384,55.0,0.0,736774,17829.633986695393,38.7869,157822.0,3.887799999999999,28651.0,19.0,1.113279528978251
121,32410,98.64896813580512,48.3,0.0,420083,9547.45116262296,0.0715,2041.0,0.0115,1.0,10.0,0.824364365815932
122,33020,55.42445436775809,0.1,0.1026694045174538,4056931,19198.461702795536,0.3697,0.0,0.0,1.0,21.0,0.6020059571875499
123,33030,58.48696871799041,43.8,0.1669449081803005,3637681,24665.004959758564,71.0234,208533.0,7.763900000000003,371924.0,8.0,1.3484094714418224
124,33040,50.758269201315,7.8,0.0137950062077527,48846162,53939.53776724387,106.10940000000004,288132.0,9.828099999999996,6664409.0,29.0,1.1661393005831486
125,33320,90.9303083513015,5.7,0.0,492197,9273.49304203466,8.9649,8475.0,0.0034999999999999,2.0,28.0,0.5786904441000068
126,33330,86.43842956876377,60.0,0.4225352112676057,1123335,12344.71434062656,9.2612,47661.0,0.1333999999999999,635.0,18.0,0.0811169357432302
127,33340,86.88440034330097,52.5,0.0,0,0.0,0.4205,16655.0,0.1146,0.0,0.0,0.3577346760277049
128,33350,73.38516091621611,4.3,0.0,1893513,8943.113663480426,7.6814,944.0,0.0013,5303.0,22.0,0.8305907134740456
129,33360,89.24343634284759,0.8,0.0,519167,11947.084057134109,0.0161,0.0,0.0,0.0,28.0,0.3473028042547313
130,33370,68.67839158545371,0.7,0.0456204379562043,27039,154.23406423091325,3.8733,3531.0,0.0427,208.0,21.0,0.9310004735226663
131,33380,90.94380942645004,48.8,0.1919385796545105,617443,17389.19737478559,5.391700000000001,32618.0,0.0433,105.0,24.0,0.5562956379707917
132,33390,31.20202983163624,34.6,0.0889679715302491,1543442,3368.1985807421543,2.1683,1488.0,0.0025,2783.0,14.0,0.9725850736334136
133,34010,37.34190316799248,14.7,0.0178571428571428,52778586,51184.75010624224,105.02530000000002,391277.0,10.917200000000005,5295160.0,12.0,2.2355948401721224
134,34020,77.7448123440505,18.0,0.1012145748987854,4425180,37452.6321233749,19.3461,47721.0,0.4013000000000001,14472.0,9.0,0.6721806906044986
135,34030,59.06436873889297,41.0,0.2043596730245231,3618882,22148.89396990244,44.63159999999999,288680.0,3.3197999999999985,140634.0,10.0,0.4637962144042628
136,34040,37.94687431323144,33.6,0.0972762645914396,18002246,28258.33476588486,107.87610000000004,656085.0,12.631900000000003,1018786.0,17.0,1.8033079584407383
137,34050,78.78597152865997,1.2,0.0,3887925,16396.29891569837,5.909999999999999,6735.0,0.0387999999999999,925.0,10.0,0.7946487915629981
138,34060,54.1495440383604,6.7,0.3167898627243928,3726199,18770.52963632176,17.3646,31874.0,0.2573,3006.0,19.0,1.442242906993695
139,34070,38.31125446238054,40.7,0.2074688796680497,1507424,1960.390909165532,14.130100000000004,109319.0,1.1991000000000005,41738.0,10.0,0.5750569126255691
140,34080,83.0946537313739,2.0,0.0,5062960,20977.591782747124,5.175600000000001,3887.0,0.0044,4615.0,6.0,0.671157775132226
141,34310,88.1609533042019,37.4,0.0,1088058,12537.439526035085,19.4111,79515.0,0.5353999999999999,713.0,18.0,0.5079065186246419
142,34330,80.50117456447916,1.6,0.0,1872786,19163.18472861672,0.2524,2255.0,0.001,21.0,4.0,0.6014904479578392
143,34340,81.11507409519547,6.8,0.3401360544217687,1057245,7880.905192237568,5.136800000000001,13954.0,0.0326,27.0,13.0,0.1601489019931097
144,34350,102.8496303073116,42.3,0.0,529013,8403.920718641552,4.127299999999998,24699.0,0.0784,6887.0,18.0,0.0476870647114408
145,34360,60.708379749119366,47.9,0.1632653061224489,2190881,10034.91073074812,24.243199999999995,239502.0,2.0576000000000003,78363.0,8.0,0.7484733033515589
146,34370,74.68054620415256,7.6,0.2546689303904924,2514995,17420.145577031242,5.5609,22541.0,0.4474999999999999,2767.0,9.0,0.7006314492793186
147,34380,101.71881592478476,29.6,0.0,1217446,10335.993164531288,0.0,0.0,0.0,0.0,12.0,0.6073975198070961
148,35010,28.73080980463568,5.9,0.0099108027750247,1618390,518.7342742676917,23.82260000000001,161493.0,6.915800000000001,587840.0,21.0,2.6741720236386035
149,35020,40.5425997753679,16.4,0.0391696043869956,271793,416.1052768050199,114.34379999999992,739757.0,15.058000000000003,496574.0,13.0,1.8359950673663528
150,35030,40.47727100645768,34.1,0.065040650406504,418433,784.9841261056425,168.7630000000002,554391.0,14.54720000000001,1457935.0,12.0,2.225283445865201
151,35040,61.58271521227047,19.3,0.1259445843828715,72495,485.0490590976266,0.0003,0.0,0.0,0.0,21.0,0.9521306760643252
152,35050,65.91426772828345,38.2,0.1081081081081081,86138,843.7442649354092,19.5677,253451.0,2.2311999999999994,44671.0,24.0,0.8912856675214142
153,35060,56.35399038926941,15.4,0.0803212851405622,36843,247.02862755513536,35.0086,56996.0,0.7239,1703.0,24.0,0.961603635395166
154,35310,70.6279421161194,46.3,0.0587889476778365,139731,1173.2164820654712,193.0094,393479.0,14.330399999999996,297043.0,37.0,1.352577592944066
155,35320,100.09773041670869,5.6,0.0,28382,915.4862651520024,0.0,0.0,0.0,0.0,0.0,0.427639059444217
156,35330,98.7715513714924,1.3,0.0,553,15.0328665450577,0.0001,0.0,0.0,0.0,52.0,0.5223111469368955
157,35340,89.79302909145488,6.7,0.0,401,10.189447648439886,2.9811,6457.0,0.0250999999999999,12.0,56.0,0.686634803417044
158,35350,86.8508595120653,40.9,0.6097560975609756,10588,243.5982416602212,5.132300000000001,8933.0,0.3294,39.0,44.0,0.8529769012228765
159,35360,93.38811672364008,246.3,0.0,13399,248.28000561051667,0.1236,1740.0,0.0001,0.0,61.0,0.6039304149900419
160,35370,92.44526092154318,0.6,0.0,1773,20.812793043003527,0.0,0.0,0.0,0.0,0.0,0.7799786577893962
161,35380,86.52163336482536,0.2,0.0,16500,166.04997254984127,0.8752,0.0,0.0,0.0,0.0,0.6039441495751698
162,36010,26.160163725400025,17.1,0.0723850886717336,10260649,2478.489385117941,15.006400000000005,108486.0,5.097500000000003,840063.0,6.0,1.55967431916112
163,36020,43.94442902841092,13.5,0.022838871759735,19685899,37121.18188729152,138.13150000000005,675614.0,20.7496,2685366.0,11.0,0.6996124667318189
164,36030,41.94594983906049,35.0,0.0654664484451718,15719001,51487.71529640909,176.2723999999999,681038.0,17.366799999999998,2123487.0,7.0,1.281348630756471
165,36040,55.90601109423027,3.4,0.0876424189307625,451661,2341.439991561669,11.303400000000002,11747.0,0.001,16768.0,1.0,1.1084258939838223
166,36060,48.95368440379871,7.8,0.0290570971959901,5116604,15579.792064504005,50.33980000000001,276371.0,8.730400000000001,298528.0,10.0,1.404648589793123
167,36310,72.9900536515427,6.9,0.0,85621,858.73864344108,9.6309,0.0,0.0,509.0,1.0,0.4466247543968946
168,36320,80.73114791713651,5.4,0.3597122302158274,158089,321577.8804572426,0.4437,2771.0,0.0077,25.0,20.0,0.5572555512271133
169,36330,70.17305776201266,22.2,0.0,137771,2509.9548473677564,0.0,0.0,0.0,3.0,59.0,0.5618693266942805
170,36350,89.73831208858611,42.1,0.0,394870,5215.375090335849,0.1184,1816.0,0.1513,319.0,80.0,0.7090235367833945
171,36360,66.23887503799375,78.7,1.6172506738544474,699256,12331.33113254312,59.663699999999935,218467.0,7.097499999999995,55420.0,17.0,0.5887798140507545
172,36370,81.9000120015564,15.4,0.4815409309791332,363546,4671.899056619317,0.0542,0.0,0.0,58813.0,1.0,0.5937043152228128
173,36380,91.0306140548446,0.4,0.0,49611,881.03903959531,0.0,0.0,0.0,0.0,22.0,0.6804993717630474
174,36390,96.63658258530802,4.7,0.0,65696,1005.6575514570972,0.0,0.0,0.0,0.0,0.0,1.1317424761718238
175,36400,103.46791118474724,6.1,0.0,217989,3528.096686845145,0.0098,2142.0,0.0078,0.0,0.0,0.581830802167659
176,36410,81.45725716334873,3.2,0.0,465107,5441.174403348818,6.999900000000002,34998.0,0.3659,597.0,14.0,1.1547705031433746
177,36420,70.20382740602832,20.6,0.3211991434689507,1696863,8474.167197492254,13.4542,64614.0,0.8448999999999997,71864.0,11.0,0.9719530570931882
178,36430,77.4730689386929,0.1,0.1430615164520743,504588,6465.44082878264,0.0,0.0,0.0,0.0,1.0,0.6013692183578344
179,36440,84.74236540953353,0.2,0.0,261196,2395.179937970785,0.0,0.0,0.0,0.0,0.0,0.9527201732855016
180,36450,61.80066999242852,2.7,0.1484780994803266,13796,168.09243823775316,11.576,1042.0,0.004,56.0,1.0,0.5580246873456228
181,36460,110.75055372947767,0.5,0.0,866,7.36882614101795,5.7566000000000015,69796.0,1.7028000000000003,0.0,11.0,0.46229365116064
182,36470,105.90286322770328,0.3,0.0,0,0.0,0.0,0.0,0.0,0.0,0.0,0.3306693112761647
183,36480,115.57581763564228,182.9,0.0,168126,2898.9436169522737,1.8235,21679.0,0.2013,2850.0,43.0,0.0656296697264493
184,37010,49.91966659222277,7.1,0.0110047320347749,19855712,45537.014104858965,100.51819999999996,459069.0,15.128899999999998,2799047.0,13.0,1.3111520394015272
185,37020,58.64162149769291,19.5,0.1081470800288392,11149193,59687.99931638321,145.6432,444239.0,11.999499999999989,989968.0,12.0,1.1645212095975603
186,37030,57.54264353100664,30.5,0.091533180778032,3981882,29246.99061472983,168.2409,473873.0,15.033299999999995,450492.0,7.0,0.7117648052620908
187,37040,71.87105846398376,42.7,0.0520020800832033,6297980,62688.24019196741,220.7730000000004,630551.0,19.494399999999995,727854.0,9.0,0.7034275222872403
188,37050,47.0010571908872,12.4,0.0168463611859838,12296516,18663.742750384663,133.44540000000003,354660.0,15.383700000000005,1745132.0,8.0,1.0515405974770298
189,37060,65.08026564038387,29.7,0.1452432824981844,1522769,10184.873108618756,47.73670000000006,181442.0,2.4721999999999995,121137.0,6.0,0.7301917001217463
190,37070,64.17441837560345,16.5,0.1529831718510964,4412912,40478.99551515065,1.7628,0.0,0.0,3458.0,22.0,0.9928621572731192
191,37080,77.92299214541573,24.9,0.315955766192733,467790,6253.497739905988,22.0761,108620.0,1.2514,12046.0,14.0,0.8093382191178089
192,37090,70.00835572321097,2.9,0.0973709834469328,722677,9586.467280165529,31.674900000000008,74682.0,1.7498000000000002,49563.0,12.0,1.0036813706929193
193,37100,42.25894960384757,7.5,0.0640614990390775,29881394,46233.34858845072,0.3379,77653.0,0.0006,1805383.0,0.0,1.0619331514619297
194,37310,104.74077072784912,0.0,0.0,115264,3080.308557285335,0.0,0.0,0.0,0.0,0.0,0.3505781168554234
195,37320,89.90300023923044,4.0,0.3656307129798903,247497,5804.166857250847,30.3076,80914.0,2.4461000000000004,16456.0,29.0,0.6514645783854334
196,37330,89.90369611000676,1.6,0.0,2540,89.47792165573159,2.4731,5340.0,0.3019,215.0,29.0,0.984505594127272
197,37340,107.4604077694142,0.0,0.0,0,0.0,0.0,0.0,0.0,0.0,0.0,0.4139215028513921
198,37350,86.22513339746052,0.2,0.0,161237,3509.668576424158,0.8356,0.0,0.0,0.0,51.0,0.6771488223702731
199,37360,78.97424031463397,0.0,0.0,308289,5188.716907844318,0.5865,0.0,0.0,0.0,9.0,0.6105752977583606
200,37370,97.97977917192016,1.7,0.0,543109,6924.05860088288,0.0,0.0,0.0,2402.0,0.0,0.4443663047776539
201,37380,106.5988017348745,8.3,0.0,573453,8395.501258148772,0.0,0.0,0.0,2.0,13.0,0.3641512008733624
202,37390,61.87308328875622,12.2,0.1564945226917057,1017497,4150.279178131876,13.188099999999997,94250.0,1.6145,62665.0,10.0,0.5503162617030762
203,37400,79.88938379366877,50.0,0.4189944134078212,877184,10489.424142657535,58.47210000000002,251290.0,6.149500000000001,73537.0,20.0,0.5658046111945906
204,37410,96.63246443359051,18.3,3.6697247706422016,63258,2570.023193486289,15.873500000000009,12317.0,0.0887,113.0,7.0,0.4388991707299712
205,37420,88.93577510342831,0.0,0.0,386892,8212.449847947326,0.1078,0.0,0.0,0.0,0.0,0.9829069273512124
206,37430,120.0,0.0,0.0,194110,1561.7333149868757,0.0,0.0,0.0,0.0,0.0,0.0
207,38030,47.94216107302823,37.2,0.0690369347600966,21041202,43981.99379786514,150.63850000000005,263633.0,14.184599999999994,2129273.0,6.0,2.026990070129346
208,38050,88.03510238578639,31.7,0.0,7620893,15166.43113494637,55.92949999999996,348064.0,9.746699999999995,865735.0,6.0,0.695606110521632
209,38060,68.1565435675055,15.5,0.040551500405515,1032627,3770.4948518066976,16.679300000000005,164584.0,3.4003,27986.0,7.0,0.9345351589073384
210,38070,46.53737997589522,26.3,0.0500250125062531,26201233,22759.068164356097,59.28629999999998,541035.0,8.6446,2326699.0,8.0,0.9875735564545788
211,38080,67.90001795680895,31.3,0.1913265306122449,1584583,12397.541204934963,0.0,0.0,0.0,0.0,0.0,0.5682316890573208
212,38090,83.79705015167008,39.5,0.0,264165,455.8702441626912,2.3883,3834.0,0.097,2190.0,23.0,0.5837776341505381
213,38100,44.587833328761285,25.7,0.0412371134020618,24733529,33828.0225805024,100.23350000000003,389956.0,12.348100000000004,2833289.0,8.0,1.1221709911977449
214,38110,33.803122455601105,4.1,0.0067238191292654,72522202,53849.12106676117,78.36160000000007,189386.0,11.259200000000002,9632652.0,13.0,2.148122964898385
215,38310,109.092128481329,3.3,0.0,104116,1973.6470092959364,3.9183,18.0,0.0048,3.0,26.0,0.3105509463853915
216,38320,79.03864649962672,22.9,0.1576044129235618,851948,5895.554313881262,59.0052,143118.0,2.0528000000000004,21940.0,15.0,0.5739028077753779
217,38330,97.17882933826156,7.2,0.0,271201,2530.712062922385,0.1774,1460.0,0.0231,30.0,14.0,0.4774328003496567
218,38340,99.74114922605555,30.7,0.0,377787,3956.117525114576,3.0839000000000008,19472.0,0.0901,187.0,11.0,0.5040736546964304
219,38350,99.65048071998024,181.9,0.0,236496,2074.87834438156,0.6086,0.0,0.0,0.0,14.0,0.3498937368771444
220,38360,98.6398557811708,14.5,0.2724795640326976,238700,3874.299620341409,0.3733,5630.0,0.0362,365.0,28.0,0.4180292013375846
221,38370,106.92486427256344,10.2,0.0,117972,2777.717709110392,0.6858,1499.0,0.0003,7.0,29.0,0.7044741189427313
222,38380,96.33987861702244,72.0,0.0,194887,3822.9924352007793,0.0,0.0,0.0,0.0,30.0,0.8642527911138888
223,38390,101.51539168718386,0.1,0.0,317023,4244.571936404367,0.0672,2414.0,0.0037,0.0,15.0,0.6251472281840549
224,38400,112.67865566050835,1.1,0.0,134327,3205.0957511624447,0.0,0.0,0.0,0.0,22.0,0.2628553377632963
225,39010,81.82349208907853,53.5,0.0,43221316,86043.69630468091,202.45720000000009,877042.0,48.1075,4906087.0,10.0,0.5689862117141776
226,39020,82.10126379171017,52.9,0.0,12208411,57951.35169927406,126.73059999999984,667995.0,22.873300000000008,1157328.0,17.0,0.4064722383184955
